{
    "Gate": {
        "CollsionFileName": "Data/",
        "FileName": "Data/Model\\MatuokaStage\\Gate.mdl",
        "Func": 3,
        "Position": [
            {
                "x": -2.088421583175659,
                "y": 1.8549487590789795,
                "z": 5.816397666931152
            }
        ],
        "Rotation": [
            {
                "w": 0.7071069478988647,
                "x": -0.0,
                "y": -0.7071066498756409,
                "z": -0.0
            }
        ],
        "Scale": [
            {
                "x": 0.009999990463256836,
                "y": 0.009999999776482582,
                "z": 0.004999999888241291
            }
        ],
        "StaticFlag": false
    }
}